ID,Controle,Criticite,Statut,Detail
USR-01,Aucun autre compte UID 0 que root,Critique,PASS,autres_uid0=0
USR-02,Aucun compte sans mot de passe,Critique,PASS,comptes_vides=0
PERM-01,Permissions de /etc/shadow,Critique,PASS,mode=0
PERM-02,Permissions de /etc/passwd,Élevée,PASS,mode=644
SSH-01,Connexion root SSH désactivée,Critique,PASS,permitrootlogin=no
SSH-02,Authentification par mot de passe désactivée,Élevée,FAIL,passwordauthentication=yes
SSH-03,Tentatives d'authentification limitées (<=4),Moyenne,FAIL,maxauthtries=6
SSH-04,Redirection X11 désactivée,Faible,FAIL,x11forwarding=yes
FW-01,firewalld actif,Élevée,PASS,active
SEL-01,SELinux en mode enforcing,Critique,PASS,getenforce=Enforcing
AUD-01,auditd actif,Élevée,PASS,active
SVC-01,sshd actif,Faible,PASS,active
